{
  "initial": {
    "summary": {
      "total_trades": 88,
      "winners": 34,
      "losers": 54,
      "win_rate": 0.38636363636363635,
      "total_pnl": 144.36699942150858,
      "gross_profit": 291.91749855377145,
      "gross_loss": 147.5504991322629,
      "profit_factor": 1.9784243379081985,
      "avg_win": 8.58580878099328,
      "avg_loss": -2.732416650597461,
      "final_bankroll": 244.3669994215086,
      "roi_pct": 144.3669994215086,
      "max_drawdown": 0.17620996796279406,
      "peak_bankroll": 296.63748032638483,
      "sharpe": 11.492757185191438,
      "ladder_trades": 60,
      "ladder_pnl": 118.84238537156338,
      "ladder_win_rate": 0.18333333333333332,
      "no_trades": 28,
      "no_pnl": 25.524614049945182,
      "no_win_rate": 0.8214285714285714,
      "winning_days": 4,
      "losing_days": 2,
      "city_pnl": {
        "NYC": 24.28759594736606,
        "Chicago": 69.06482103529552,
        "London": -25.83059510770354,
        "Tokyo": 43.26377710684496,
        "Miami": 33.581400439705575
      },
      "city_trades": {
        "NYC": 15,
        "Chicago": 21,
        "London": 17,
        "Tokyo": 19,
        "Miami": 16
      },
      "params": {
        "ladder_enabled": true,
        "ladder_max_entry": 0.2,
        "ladder_buckets": 3,
        "ladder_bet_per_bucket": 2.0,
        "no_enabled": true,
        "no_min_entry": 0.55,
        "no_max_entry": 0.85,
        "no_min_edge": 0.12,
        "kelly_fraction": 0.15,
        "max_position_pct": 0.15,
        "min_trade_usd": 5.0,
        "max_trade_usd": 10.0,
        "max_exposure": 0.6,
        "initial_bankroll": 100.0,
        "kde_bw_mult": 1.06,
        "entry_timing": "mid",
        "min_models": 2,
        "no_min_confidence": 0.45
      }
    },
    "n_trades": 88
  },
  "optimized": {
    "summary": {
      "total_trades": 275,
      "winners": 171,
      "losers": 104,
      "win_rate": 0.6218181818181818,
      "total_pnl": 763.6762856230293,
      "gross_profit": 1035.6762856230293,
      "gross_loss": 272.0,
      "profit_factor": 3.807633403025843,
      "avg_win": 6.05658646563175,
      "avg_loss": -2.6153846153846154,
      "final_bankroll": 863.6762856230292,
      "roi_pct": 763.6762856230292,
      "max_drawdown": 0.05181250722440175,
      "peak_bankroll": 863.977655486043,
      "sharpe": 23.338271054299216,
      "ladder_trades": 131,
      "ladder_pnl": 466.111472333331,
      "ladder_win_rate": 0.26717557251908397,
      "no_trades": 144,
      "no_pnl": 297.56481328969835,
      "no_win_rate": 0.9444444444444444,
      "winning_days": 14,
      "losing_days": 2,
      "city_pnl": {
        "NYC": 109.97649496664347,
        "Chicago": 311.25810522596333,
        "London": 174.53393774460883,
        "Tokyo": 86.26225501674527,
        "Miami": 81.64549266906832
      },
      "city_trades": {
        "NYC": 57,
        "Chicago": 69,
        "London": 52,
        "Tokyo": 41,
        "Miami": 56
      },
      "params": {
        "ladder_enabled": true,
        "ladder_max_entry": 0.25,
        "ladder_buckets": 2,
        "ladder_bet_per_bucket": 2.0,
        "no_enabled": true,
        "no_min_entry": 0.65,
        "no_max_entry": 0.9,
        "no_min_edge": 0.12,
        "kelly_fraction": 0.2,
        "max_position_pct": 0.15,
        "min_trade_usd": 5.0,
        "max_trade_usd": 10.0,
        "max_exposure": 0.6,
        "initial_bankroll": 100.0,
        "kde_bw_mult": 1.06,
        "entry_timing": "early",
        "min_models": 2,
        "no_min_confidence": 0.35
      }
    },
    "n_trades": 275,
    "params": {
      "ladder_enabled": true,
      "ladder_max_entry": 0.25,
      "ladder_buckets": 2,
      "ladder_bet_per_bucket": 2.0,
      "no_enabled": true,
      "no_min_entry": 0.65,
      "no_max_entry": 0.9,
      "no_min_edge": 0.12,
      "kelly_fraction": 0.2,
      "max_position_pct": 0.15,
      "min_trade_usd": 5.0,
      "max_trade_usd": 10.0,
      "max_exposure": 0.6,
      "initial_bankroll": 100.0,
      "kde_bw_mult": 1.06,
      "entry_timing": "early",
      "min_models": 2,
      "no_min_confidence": 0.35
    }
  },
  "data_stats": {
    "total_markets": 74,
    "valid_markets": 74,
    "cities": [
      "NYC",
      "Chicago",
      "Miami",
      "London",
      "Tokyo",
      "Paris",
      "Seoul",
      "Atlanta",
      "Dallas",
      "Toronto"
    ],
    "days_back": 21
  }
}