{
  "timestamp": "2026-03-17T01:34:04.184546",
  "station": "NYC",
  "total_return_pct": 1124.4733626288398,
  "total_pnl": 11244.733626288396,
  "max_drawdown_pct": 8.866719384701838,
  "win_rate": 66.66666666666666,
  "total_trades": 27,
  "profit_factor": 14.440698555858813,
  "sharpe_ratio": 7.192703339232144,
  "calmar_ratio": 126.8195500321061,
  "equity_curve": [
    12244.733626288396,
    12244.733626288396,
    12244.733626288396,
    12244.733626288396,
    12244.733626288396,
    12244.733626288396,
    12244.733626288396,
    12244.733626288396,
    12244.733626288396,
    12244.733626288396,
    12244.733626288396,
    12244.733626288396,
    12244.733626288396,
    12244.733626288396,
    12244.733626288396,
    12244.733626288396,
    12244.733626288396,
    12244.733626288396,
    12244.733626288396,
    12244.733626288396
  ]
}