{
  "cv_mae_mean": 1.5142897338774381,
  "cv_mae_std": 0.42861454121321946,
  "cv_rmse_mean": 2.2202180644993397,
  "cv_rmse_std": 0.6831482734770349,
  "n_features": 21,
  "n_samples": 12367,
  "feature_importance": {
    "om_high_temp": 0.1012161632012554,
    "om_low_temp": 0.04574342879560612,
    "om_mean_temp": 0.049117300902314635,
    "om_precip": 0.04393879952922715,
    "om_wind_max": 0.07650058846606513,
    "om_rh_mean": 0.06253432718713221,
    "om_pressure_mean": 0.06088662220478619,
    "station_lat": 0.02157708905453119,
    "station_lon": 0.03216947822675559,
    "is_fahrenheit": 0.002746174970576697,
    "wu_bias": 0.03209101608473911,
    "wu_bias_std": 0.025186347587289132,
    "sin_doy": 0.06928207140054923,
    "cos_doy": 0.05963122793252256,
    "month": 0.013652412710867007,
    "om_temp_lag1": 0.047155747351902706,
    "om_temp_lag3_mean": 0.032561788936837976,
    "om_temp_lag7_mean": 0.05202040015692429,
    "om_temp_change": 0.08403295409964692,
    "temp_anomaly": 0.07273440564927422,
    "station_code": 0.015221655551196547
  }
}